Transaction Date,Post Date,Description,Category,Type,Amount,Memo
12/31/2024,12/31/2024,Payment Thank You-Mobile,,Payment,215.60,
12/30/2024,12/31/2024,DD *DOORDASH ALDI,Food & Drink,Sale,-23.97,
12/29/2024,12/30/2024,PP*APPLE.COM/BILL,Shopping,Sale,-1.29,
12/26/2024,12/29/2024,OFFICE DEPOT #2210,Shopping,Sale,-0.20,
12/23/2024,12/25/2024,TRADER JOE S #120,Groceries,Sale,-9.29,
12/22/2024,12/23/2024,PP*APPLE.COM/BILL,Shopping,Sale,-9.99,
12/23/2024,12/23/2024,DD *DOORDASH WINGSTOP,Food & Drink,Sale,-32.60,
12/20/2024,12/22/2024,6128 CONSERV FUEL,Gas,Sale,-1.49,
12/20/2024,12/22/2024,TST* COMMON THEORY,Food & Drink,Sale,-44.40,
12/19/2024,12/20/2024,SQ *SOCIETE BREWING COMPA,Food & Drink,Sale,-37.48,
12/18/2024,12/19/2024,TST* PURE PROJECT - BANKE,Food & Drink,Sale,-9.62,
12/18/2024,12/19/2024,CHIPOTLE 2425,Food & Drink,Sale,-11.44,
12/18/2024,12/18/2024,Payment Thank You-Mobile,,Payment,1077.09,
12/17/2024,12/18/2024,TST* NORTH PARK BREWING -,Food & Drink,Sale,-57.80,
12/16/2024,12/17/2024,TST* LOLITA'S MEXICAN FOO,Food & Drink,Sale,-86.40,
12/14/2024,12/16/2024,TST*BOTTLECRAFT LIBERTY,Food & Drink,Sale,-33.00,
12/13/2024,12/15/2024,RESTAURANT MASA,Food & Drink,Sale,-76.00,
12/14/2024,12/15/2024,TST* SEVEN GRAND SAN DIEG,Food & Drink,Sale,-27.70,
12/13/2024,12/15/2024,TST*BOTTLECRAFT - NORTH,Food & Drink,Sale,-21.39,
12/12/2024,12/13/2024,DD *DOORDASH TACOBELL,Food & Drink,Sale,-26.21,
12/12/2024,12/13/2024,DD *DOORDASH ALDI,Food & Drink,Sale,-15.13,
12/11/2024,12/12/2024,SQ *SPROUTS EASTLAKE,Groceries,Sale,-15.98,
12/11/2024,12/12/2024,KNOWN TRAVELER CREDIT,Fees & Adjustments,Adjustment,70.00,
12/11/2024,12/12/2024,TSA PRECHECK BY TELOS,Bills & Utilities,Sale,-70.00,
12/10/2024,12/11/2024,PANDA EXPRESS #784 P,Food & Drink,Sale,-18.64,
12/08/2024,12/10/2024,SNAPDRAGON STADIUM CON,Gifts & Donations,Sale,-50.95,
12/09/2024,12/10/2024,IN-N-OUT  CHULAVISTA,Food & Drink,Sale,-25.50,
12/09/2024,12/10/2024,EL POLLO G* EL POLLO G,Food & Drink,Sale,-14.67,
12/08/2024,12/09/2024,DD *DOORDASH ALBERTSON,Food & Drink,Sale,-88.76,
12/04/2024,12/06/2024,AMC 0428 OTAY RANCH 12,Entertainment,Sale,-10.49,
12/01/2024,12/02/2024,TST* DIN TAI FUNG - UTC S,Food & Drink,Sale,-409.41,
11/28/2024,12/01/2024,McDonalds 6480,Food & Drink,Sale,-1.62,
11/27/2024,11/29/2024,SQ *KURA REVOLVING SUSHI,Food & Drink,Sale,-90.00,
11/27/2024,11/28/2024,DD *DOORDASH JERSEYMIK,Food & Drink,Sale,-17.89,
11/26/2024,11/27/2024,PANDA EXPRESS #784 P,Food & Drink,Sale,-10.99,
11/25/2024,11/27/2024,SANDAG FASTRAK,Travel,Sale,-2.50,
11/26/2024,11/27/2024,PP*APPLE.COM/BILL,Shopping,Sale,-9.99,
11/25/2024,11/26/2024,DD *DOORDASH TACOBELL,Food & Drink,Sale,-23.87,
11/24/2024,11/25/2024,Payment Thank You-Mobile,,Payment,2021.96,
11/22/2024,11/24/2024,TST* HOME &amp; AWAY - SAN DI,Food & Drink,Sale,-30.48,
11/22/2024,11/24/2024,TST* HOME &amp; AWAY - SAN DI,Food & Drink,Sale,-10.70,
11/23/2024,11/24/2024,SLICE*PIZAKAMASCRATCHP,Food & Drink,Sale,-53.82,
11/22/2024,11/22/2024,LYFT   *MEMB ANNUAL,Travel,Sale,-99.50,
11/22/2024,11/22/2024,HUMBERTOS TACO SHOP #1,Food & Drink,Sale,-11.85,
11/19/2024,11/21/2024,WGC*JERSEYMIKES,Shopping,Sale,-25.00,
11/18/2024,11/19/2024,DD *DOORDASH WIENERSCH,Food & Drink,Sale,-21.04,
11/16/2024,11/17/2024,TST* KINDRED,Food & Drink,Sale,-63.10,
11/16/2024,11/17/2024,DD *DOORDASH ALDI,Food & Drink,Sale,-21.54,
11/16/2024,11/17/2024,TST* THE PEARL HOTEL AND,Food & Drink,Sale,-82.03,
11/14/2024,11/15/2024,TST* LOLITA'S MEXICAN FOO,Food & Drink,Sale,-28.17,
11/14/2024,11/15/2024,SQ *THAI FRESH LLC,Food & Drink,Sale,-30.82,
11/12/2024,11/14/2024,PANDA EXPRESS FC,Food & Drink,Sale,-18.31,
11/13/2024,11/14/2024,SAIGON COFFEE,Food & Drink,Sale,-15.01,
11/13/2024,11/14/2024,SQ *RAMEN NAGI UTC,Food & Drink,Sale,-51.22,
11/05/2024,11/07/2024,JACK IN THE BOX 3072,Food & Drink,Sale,-10.18,
11/05/2024,11/07/2024,TST*FALL BREWING COMPANY,Food & Drink,Sale,-35.26,
11/05/2024,11/05/2024,PURCHASE INTEREST CHARGE,Fees & Adjustments,Fee,-7.45,
11/03/2024,11/05/2024,JERSEY MIKES 20175,Food & Drink,Sale,-20.25,
11/03/2024,11/04/2024,DD *DOORDASH 99RANCHMA,Food & Drink,Sale,-3.00,
11/01/2024,11/03/2024,SUPER SERGIOS #1,Food & Drink,Sale,-32.54,
10/31/2024,11/01/2024,CHIPOTLE 1816,Food & Drink,Sale,-11.20,
11/01/2024,11/01/2024,SQ *MUSIC BOX SAN DIEGO L,Entertainment,Sale,-22.00,
11/01/2024,11/01/2024,SQ *MUSIC BOX SAN DIEGO L,Entertainment,Sale,-11.00,
10/27/2024,10/28/2024,HFS LIBERTY STATION,Food & Drink,Sale,-43.00,
10/27/2024,10/28/2024,DOORDASH*BEVMO!,Food & Drink,Sale,-107.02,
10/27/2024,10/28/2024,HFS LIBERTY STATION,Food & Drink,Sale,-12.95,
10/23/2024,10/25/2024,JERSEY MIKES 20108,Food & Drink,Sale,-29.87,
10/25/2024,10/25/2024,DD *DOORDASH ALDI,Food & Drink,Sale,-15.46,
10/21/2024,10/22/2024,TST* FERNSIDE,Food & Drink,Sale,-91.63,
10/20/2024,10/22/2024,TST*PANAMA 66,Food & Drink,Sale,-21.40,
10/21/2024,10/22/2024,TST*BUONA FORCHETTA - SO,Food & Drink,Sale,-145.75,
10/19/2024,10/21/2024,TST*BOTTLECRAFT - NORTH,Food & Drink,Sale,-7.47,
10/20/2024,10/21/2024,EL POLLO G* EL POLLO G,Food & Drink,Sale,-58.68,
10/20/2024,10/21/2024,TST* MODERN TIMES - FLAVO,Food & Drink,Sale,-71.87,
10/20/2024,10/20/2024,DD *DOORDASH TACOBELL,Food & Drink,Sale,-46.98,
10/18/2024,10/20/2024,UEP*XINJIANG BBQ,Food & Drink,Sale,-422.04,
10/19/2024,10/20/2024,SQ *LA NACIONAL,Food & Drink,Sale,-9.70,
10/17/2024,10/20/2024,CHICK-FIL-A #01514,Food & Drink,Sale,-4.34,
10/19/2024,10/20/2024,CITYSDPKG-MOBILE 43887,Travel,Sale,-1.25,
10/13/2024,10/15/2024,ACE PARKING 1068,Travel,Sale,-5.00,
10/14/2024,10/15/2024,DD *DOORDASH TACOBELL,Food & Drink,Sale,-22.64,
10/14/2024,10/14/2024,Payment Thank You-Mobile,,Payment,1296.41,
10/13/2024,10/14/2024,SOAPY JOE'S CAR WASH - W,Automotive,Sale,-6.50,
10/10/2024,10/11/2024,TST* AERO CLUB,Food & Drink,Sale,-37.00,
10/09/2024,10/11/2024,SUPER SERGIOS #1,Food & Drink,Sale,-21.84,
10/10/2024,10/10/2024,MEDIUM,Food & Drink,Sale,-12.40,
10/07/2024,10/08/2024,DD *DOORDASH ALDI,Food & Drink,Sale,-9.98,
10/05/2024,10/07/2024,TST*COMMON THEORY OTAY R,Food & Drink,Sale,-18.28,
10/05/2024,10/07/2024,TST*COMMON THEORY OTAY R,Food & Drink,Sale,-9.64,
10/06/2024,10/07/2024,CHIPOTLE 2425,Food & Drink,Sale,-28.49,
10/05/2024,10/06/2024,CHARGEPOINT  INC,Automotive,Sale,-0.01,
10/05/2024,10/06/2024,DD *DOORDASH KAIYOSUSH,Food & Drink,Sale,-45.30,
10/04/2024,10/04/2024,PURCHASE INTEREST CHARGE,Fees & Adjustments,Fee,-9.83,
10/03/2024,10/04/2024,NORTH ISLAND CREDIT UNION,Food & Drink,Sale,-81.56,
10/02/2024,10/04/2024,JERSEY MIKES 20175,Food & Drink,Sale,-28.87,
09/30/2024,10/02/2024,TST*SAMBURGERS LITTLE IT,Food & Drink,Sale,-17.10,
09/30/2024,10/01/2024,CITYSD PARKING 28881,Travel,Sale,-2.25,
09/30/2024,10/01/2024,TST*IRONSIDE,Food & Drink,Sale,-448.96,
09/30/2024,10/01/2024,CITYSD PARKING 28881,Travel,Sale,-2.50,
09/30/2024,10/01/2024,SQ *PORTAL COFFEE,Food & Drink,Sale,-5.75,
09/30/2024,10/01/2024,CITYSD PARKING 28881,Travel,Sale,-2.50,
09/30/2024,09/30/2024,CRSSD FESTIVAL (FOOD),Shopping,Sale,-13.41,
09/29/2024,09/30/2024,CRSSD FESTIVAL (BAR),Shopping,Sale,-21.79,
09/30/2024,09/30/2024,CRSSD FESTIVAL (BAR),Shopping,Sale,-20.67,
09/29/2024,09/30/2024,IN-N-OUT  CHULAVISTA,Food & Drink,Sale,-20.50,
09/27/2024,09/29/2024,EL POLLO G* EL POLLO G,Food & Drink,Sale,-32.34,
09/29/2024,09/29/2024,CRSSD FESTIVAL (BAR),Shopping,Sale,-21.67,
09/28/2024,09/29/2024,CRSSD FESTIVAL (FOOD),Shopping,Sale,-28.82,
09/28/2024,09/29/2024,CRSSD FESTIVAL (BAR),Shopping,Sale,-28.82,
09/29/2024,09/29/2024,CRSSD FESTIVAL (BAR),Shopping,Sale,-22.79,
09/28/2024,09/29/2024,CRSSD FESTIVAL (BAR),Shopping,Sale,-29.93,
09/26/2024,09/27/2024,CHILI'S CLAIREMONT TOWN,Food & Drink,Sale,-37.95,
09/24/2024,09/25/2024,CHIPOTLE 2425,Food & Drink,Sale,-12.62,
09/23/2024,09/24/2024,DOORDASH*TACO BELL,Food & Drink,Sale,-32.82,
09/22/2024,09/24/2024,TST*COMMON THEORY OTAY R,Food & Drink,Sale,-29.08,
09/22/2024,09/23/2024,IN-N-OUT  CHULAVISTA,Food & Drink,Sale,-37.74,
09/21/2024,09/23/2024,HALFDOOR BREWING CO,Food & Drink,Sale,-41.10,
09/21/2024,09/22/2024,DD *DOORDASH SIMPLYFRE,Food & Drink,Sale,-38.70,
09/18/2024,09/20/2024,IN-N-OUT CHULA VISTA,Food & Drink,Sale,-18.54,
09/19/2024,09/20/2024,DD *DOORDASH ALDI,Food & Drink,Sale,-8.33,
09/17/2024,09/17/2024,Payment Thank You Bill Pa,,Payment,2000.00,
09/14/2024,09/16/2024,TST*TEMAKI HANDROLL BAR,Food & Drink,Sale,-73.01,
09/11/2024,09/12/2024,DD *DOORDASH JERSEYMIK,Food & Drink,Sale,-10.40,
09/06/2024,09/09/2024,PETCO PARK CONCESSIONS,Food & Drink,Sale,-18.31,
09/07/2024,09/09/2024,TST*GRAND OLE BBQ Y ASAD,Food & Drink,Sale,-41.35,
09/06/2024,09/09/2024,HUMBERTOS TACO SHOP #1,Food & Drink,Sale,-23.71,
09/08/2024,09/09/2024,TST* MODERN TIMES - LOMAL,Food & Drink,Sale,-20.32,
09/03/2024,09/04/2024,DD *DOORDASH JERSEYMIK,Food & Drink,Sale,-5.40,
09/01/2024,09/02/2024,Tacos El Gordo - Chula Vi,Food & Drink,Sale,-34.28,
09/01/2024,09/02/2024,SPO*QUARTYARD,Food & Drink,Sale,-80.00,
09/01/2024,09/02/2024,SPO*QUARTYARD,Food & Drink,Sale,-22.00,
09/01/2024,09/02/2024,DD *DOORDASH JERSEYMIK,Food & Drink,Sale,-10.95,
08/30/2024,08/30/2024,Payment Thank You-Mobile,,Payment,1776.95,
08/29/2024,08/30/2024,DD *DOORDASH 99RANCHMA,Food & Drink,Sale,-24.43,
08/29/2024,08/30/2024,TAQUERIA BY EL PRIETO 2,Food & Drink,Sale,-25.26,
08/28/2024,08/29/2024,IN-N-OUT NATIONAL CITY,Food & Drink,Sale,-18.54,
08/28/2024,08/29/2024,CHIPOTLE 1816,Food & Drink,Sale,-19.58,
08/27/2024,08/29/2024,FRESH CATCH WAIALAE,Food & Drink,Sale,-29.86,
08/27/2024,08/29/2024,THE MODERN FD,Travel,Sale,-36.41,
08/29/2024,08/29/2024,LYFT   *1 RIDE 08-27,Travel,Sale,-20.81,
08/27/2024,08/28/2024,ALAMO RENT-A-CAR,Travel,Sale,-188.97,
08/26/2024,08/28/2024,SUNRISE POOL,Food & Drink,Sale,-32.32,
08/26/2024,08/28/2024,MONKEYPOD KITCHEN WAIK,Food & Drink,Sale,-72.02,
08/26/2024,08/28/2024,01 ZIPPYS MCCULLY,Food & Drink,Sale,-16.65,
08/27/2024,08/28/2024,SQ *KOMEDOKORO M'S,Groceries,Sale,-16.65,
08/27/2024,08/28/2024,DD *DOORDASH PHUKETTHA,Food & Drink,Sale,-36.26,
08/27/2024,08/28/2024,TST*ISLAND VINTAGE COFFE,Food & Drink,Sale,-15.13,
08/27/2024,08/27/2024,ParkWhiz  Inc.,Travel,Sale,-2.50,
08/26/2024,08/27/2024,Maui Brewing Company -,Food & Drink,Sale,-54.80,
08/26/2024,08/27/2024,TST* WHITE SANDS HOTEL -,Food & Drink,Sale,-40.70,
08/26/2024,08/27/2024,ParkWhiz  Inc.,Travel,Sale,-12.99,
08/26/2024,08/27/2024,PY *KAITEN SUSHI GINZA ON,Food & Drink,Sale,-128.61,
08/27/2024,08/27/2024,ParkWhiz  Inc.,Travel,Sale,-18.49,
08/26/2024,08/27/2024,SQ *KOMEDOKORO M'S,Groceries,Sale,-24.17,
08/25/2024,08/27/2024,PY *TONKATSU TAMAFUJI - H,Food & Drink,Sale,-82.00,
08/26/2024,08/27/2024,ParkWhiz  Inc.,Travel,Sale,-1.00,
08/26/2024,08/27/2024,WAIOLA SHAVE ICE,Food & Drink,Sale,-7.73,
08/27/2024,08/27/2024,VALLEY OF TEMPLES_RET,Personal,Sale,-10.00,
08/24/2024,08/26/2024,DUKES WAIKIKI,Food & Drink,Sale,-105.67,
08/26/2024,08/26/2024,ParkWhiz  Inc.,Travel,Sale,-2.50,
08/25/2024,08/26/2024,SQ *SKULL &amp; CROWN TRADING,Food & Drink,Sale,-61.50,
08/24/2024,08/26/2024,BAR LEATHER APRON,Food & Drink,Sale,-111.11,
08/25/2024,08/26/2024,ParkWhiz  Inc.,Travel,Sale,-15.99,
08/26/2024,08/26/2024,ParkWhiz  Inc.,Travel,Sale,-1.00,
08/26/2024,08/26/2024,ParkWhiz  Inc.,Travel,Sale,-2.50,
08/25/2024,08/26/2024,TST*PIZZA MAMO,Food & Drink,Sale,-6.76,
08/25/2024,08/26/2024,91263 - INTERNATIONAL MAR,Travel,Sale,-4.00,
08/25/2024,08/26/2024,7-ELEVEN #54276,Gas,Sale,-2.04,
08/25/2024,08/26/2024,DD *DOORDASH PAIAFISHM,Food & Drink,Sale,-4.01,
08/24/2024,08/25/2024,ParkWhiz  Inc.,Travel,Sale,-15.99,
08/25/2024,08/25/2024,LYFT   *1 RIDE 08-23,Travel,Sale,-15.67,
08/23/2024,08/25/2024,THE MODERN FD,Travel,Sale,-165.16,
08/25/2024,08/25/2024,ParkWhiz  Inc.,Travel,Sale,-3.50,
08/22/2024,08/23/2024,CHIPOTLE 2425,Food & Drink,Sale,-16.42,
05/17/2024,08/21/2024,Cars on Booking,Travel,Return,239.83,
08/17/2024,08/18/2024,SQ *THE FRIENDLY TAVERN,Food & Drink,Sale,-17.00,
08/17/2024,08/18/2024,TST* POLITE PROVISIONS,Food & Drink,Sale,-65.35,
08/17/2024,08/18/2024,SQ *THE FRIENDLY TAVERN,Food & Drink,Sale,-13.00,
08/14/2024,08/16/2024,GOB DEL ESTADO BC USD,Bills & Utilities,Sale,-9.70,
08/14/2024,08/15/2024,TST* AERO CLUB,Food & Drink,Sale,-14.00,
08/13/2024,08/14/2024,EBK FUEL,Gas,Sale,-9.69,
08/13/2024,08/14/2024,TST*RUBICON DELI MISSION,Food & Drink,Sale,-31.37,
08/11/2024,08/13/2024,PAR*MARUGAME UDON - SAN D,Food & Drink,Sale,-30.28,
08/12/2024,08/13/2024,TST* MODERN TIMES - LOMAL,Food & Drink,Sale,-48.16,
08/12/2024,08/12/2024,Payment Thank You-Mobile,,Payment,40.00,
08/11/2024,08/12/2024,TST* THE GUTTER,Food & Drink,Sale,-27.79,
08/10/2024,08/11/2024,DD DOORDASH SPROUTSFA,Food & Drink,Sale,-11.78,
08/08/2024,08/11/2024,TST*3 PUNK ALES LITTLE I,Food & Drink,Sale,-18.00,
08/10/2024,08/11/2024,TST* SUSHIYA,Food & Drink,Sale,-21.55,
08/07/2024,08/09/2024,JERSEY MIKES 20108,Food & Drink,Sale,-28.37,
08/08/2024,08/09/2024,PRINCESS PUB &amp; GRILLE,Food & Drink,Sale,-44.00,
08/05/2024,08/05/2024,PURCHASE INTEREST CHARGE,Fees & Adjustments,Fee,-15.48,
08/04/2024,08/05/2024,McDonalds 5458,Food & Drink,Sale,-1.61,
08/04/2024,08/05/2024,CHIPOTLE 2425,Food & Drink,Sale,-27.95,
08/03/2024,08/04/2024,TST* MALIBU FARM SAN DIEG,Food & Drink,Sale,-19.24,
08/03/2024,08/04/2024,HFS LIBERTY STATION,Food & Drink,Sale,-25.84,
08/03/2024,08/04/2024,TAQUERIA BY EL PRIETO 2,Food & Drink,Sale,-29.53,
08/03/2024,08/04/2024,TST* MALIBU FARM SAN DIEG,Food & Drink,Sale,-9.62,
08/03/2024,08/04/2024,TST* THE LION'S SHARE,Food & Drink,Sale,-47.10,
08/03/2024,08/04/2024,TST* FERNSIDE,Food & Drink,Sale,-37.70,
08/01/2024,08/02/2024,TST* LOLITA'S MEXICAN FOO,Food & Drink,Sale,-16.26,
07/29/2024,07/31/2024,TST* FORMOOSA,Food & Drink,Sale,-57.57,
07/29/2024,07/30/2024,DD DOORDASH KAIYOSUSH,Food & Drink,Sale,-22.68,
07/27/2024,07/29/2024,SEAWORLD SAN DIEGO FS,Food & Drink,Sale,-4.23,
07/27/2024,07/29/2024,SEAWORLD SAN DIEGO FS,Food & Drink,Sale,-38.18,
07/27/2024,07/29/2024,JOMARU KOREAN HOTPOT,Food & Drink,Sale,-134.37,
07/27/2024,07/29/2024,McDonalds 38204,Food & Drink,Sale,-17.69,
07/26/2024,07/28/2024,TST* BEGINNERS DINER &amp; TH,Food & Drink,Sale,-54.65,
07/27/2024,07/28/2024,MCDONALD'S F38204,Food & Drink,Sale,-5.10,
07/27/2024,07/28/2024,EL POLLO G* EL POLLO G,Food & Drink,Sale,-27.71,
07/27/2024,07/28/2024,TOCK ATREALM 52 REMED,Food & Drink,Return,40.00,
07/25/2024,07/26/2024,SQ *SOCIETE BREWING COMPA,Food & Drink,Sale,-19.24,
07/24/2024,07/25/2024,TST* LOLITA'S MEXICAN BON,Food & Drink,Sale,-62.68,
07/22/2024,07/23/2024,LUNA GRILL 002,Food & Drink,Sale,-35.15,
07/22/2024,07/23/2024,SQ *LESTAT'S OF HILLCREST,Food & Drink,Sale,-3.25,
07/21/2024,07/23/2024,DOMINO'S 7709,Food & Drink,Sale,-21.83,
07/21/2024,07/22/2024,TST* SUSHIYA,Food & Drink,Sale,-120.45,
07/20/2024,07/22/2024,SUPER SERGIOS #2,Food & Drink,Sale,-16.58,
07/20/2024,07/22/2024,SEAWORLD SAN DIEGO FS,Food & Drink,Sale,-48.32,
07/22/2024,07/22/2024,Payment Thank You-Mobile,,Payment,1111.21,
07/20/2024,07/21/2024,TST* FERNSIDE,Food & Drink,Sale,-25.00,
07/18/2024,07/19/2024,TOCK ATREALM 52 REMED,Food & Drink,Sale,-40.00,
07/17/2024,07/18/2024,SQ *COPA VIDA CAFE - EAST,Food & Drink,Sale,-6.25,
07/16/2024,07/17/2024,PANDA EXPRESS #1316 P,Food & Drink,Sale,-12.72,
07/14/2024,07/16/2024,SQ *LA NACIONAL,Food & Drink,Sale,-78.86,
07/15/2024,07/16/2024,TST* LOLITA'S MEXICAN FOO,Food & Drink,Sale,-8.97,
07/15/2024,07/15/2024,SNAKE RIVER FARMS,Groceries,Sale,-3.90,
07/14/2024,07/15/2024,ROBERTO'S TACO SHOP,Food & Drink,Sale,-25.56,
07/10/2024,07/11/2024,REDEMPTION CREDIT,Fees & Adjustments,Adjustment,550.00,
07/10/2024,07/11/2024,TRAVEL CREDIT $300/YEAR,Fees & Adjustments,Adjustment,300.00,
07/10/2024,07/11/2024,VIVAAEROB   0000000FYVPKM,Travel,Sale,-902.12,
07/06/2024,07/08/2024,MANDARIN BEIJING CHINESE,Food & Drink,Sale,-40.88,
07/05/2024,07/07/2024,TST* LOLITA'S MEXICAN BON,Food & Drink,Sale,-16.26,
07/06/2024,07/07/2024,DD DOORDASH JERSEYMIK,Food & Drink,Sale,-16.25,
07/05/2024,07/05/2024,PURCHASE INTEREST CHARGE,Fees & Adjustments,Fee,-29.62,
07/03/2024,07/04/2024,SQ *THAI FRESH LLC,Food & Drink,Sale,-30.82,
07/01/2024,07/02/2024,TST* BETTER BUZZ - HILLCR,Food & Drink,Sale,-6.79,
07/01/2024,07/01/2024,ANNUAL MEMBERSHIP FEE,Fees & Adjustments,Fee,-550.00,
06/28/2024,06/30/2024,FRESH FRIE,Food & Drink,Sale,-14.00,
06/25/2024,06/26/2024,DD DOORDASH WINGSTOP,Food & Drink,Sale,-36.47,
06/19/2024,06/20/2024,DOORDASH*JERSEY MIKES,Food & Drink,Sale,-10.95,
06/17/2024,06/18/2024,DD DOORDASH SUBWAY,Food & Drink,Sale,-94.95,
06/11/2024,06/11/2024,Payment Thank You-Mobile,,Payment,40.00,
06/09/2024,06/11/2024,CARTE HOTEL SAN DIEGO,Travel,Sale,-41.54,
06/08/2024,06/09/2024,SP CAFE SUAVECITO,Groceries,Sale,-36.95,
06/06/2024,06/07/2024,DD DOORDASH TACOBELL,Food & Drink,Sale,-31.19,
06/03/2024,06/04/2024,DD DOORDASH FLAMEBROI,Food & Drink,Sale,-31.55,
06/02/2024,06/02/2024,Foot Locker,Shopping,Return,108.75,
05/31/2024,06/02/2024,DD DOORDASH JERSEYMIK,Food & Drink,Sale,-10.95,
05/28/2024,05/29/2024,DD DOORDASH WIENERSCH,Food & Drink,Sale,-21.14,
05/26/2024,05/27/2024,DD DOORDASH ROBERTOST,Food & Drink,Sale,-57.79,
05/25/2024,05/26/2024,SHAKE SHACK - 1217A,Food & Drink,Sale,-48.09,
05/23/2024,05/26/2024,TST* OSCARS MEXICAN SEAF,Food & Drink,Sale,-30.00,
05/22/2024,05/22/2024,Payment Thank You-Mobile,,Payment,1398.68,
05/19/2024,05/21/2024,TST* CARNITAS SNACK SHACK,Food & Drink,Sale,-40.33,
05/19/2024,05/21/2024,Port of San Diego  CA,Travel,Sale,-4.10,
05/19/2024,05/20/2024,DD DOORDASH LLHAWAIIA,Food & Drink,Sale,-62.96,
05/18/2024,05/20/2024,JERSEY MIKES 20108,Food & Drink,Sale,-19.25,
05/17/2024,05/19/2024,TST* BAHN THAI,Food & Drink,Sale,-128.09,
05/17/2024,05/19/2024,TST* PARK &amp; REC,Food & Drink,Sale,-67.50,
05/17/2024,05/19/2024,Cars on Booking,Travel,Sale,-239.83,
05/16/2024,05/17/2024,IN-N-OUT CHULA VISTA,Food & Drink,Sale,-18.54,
05/12/2024,05/14/2024,MANDARIN BEIJING CHINESE,Food & Drink,Sale,-243.21,
05/12/2024,05/13/2024,DD DOORDASH TACOBELL,Food & Drink,Sale,-46.54,
05/12/2024,05/13/2024,STARBUCKS 800-782-7282,Food & Drink,Sale,-10.00,
05/12/2024,05/13/2024,STARBUCKS 800-782-7282,Food & Drink,Sale,-15.00,
05/10/2024,05/12/2024,DARK HORSE COFFEE,Food & Drink,Sale,-8.25,
05/10/2024,05/12/2024,DARK HORSE COFFEE,Food & Drink,Sale,-11.64,
05/10/2024,05/12/2024,ACE PARKING PAY,Travel,Sale,-28.95,
05/10/2024,05/12/2024,ACE PARKING PAY,Travel,Sale,-10.95,
05/10/2024,05/12/2024,EINSTEIN'S TERMINAL 1,Food & Drink,Sale,-15.45,
05/08/2024,05/09/2024,TST* LOLITA'S MEXICAN FOO,Food & Drink,Sale,-17.26,
05/06/2024,05/07/2024,DD DOORDASH PALMTHAIC,Food & Drink,Sale,-39.31,
05/03/2024,05/05/2024,DD DOORDASH TAPIOCAEX,Food & Drink,Sale,-14.00,
05/02/2024,05/03/2024,TST* COMMON THEORY OTAY R,Food & Drink,Sale,-18.32,
05/01/2024,05/02/2024,Payment Thank You-Mobile,,Payment,923.11,
04/30/2024,04/30/2024,Foot Locker,Shopping,Sale,-108.75,
04/29/2024,04/30/2024,Foot Locker,Shopping,Sale,-130.50,
04/28/2024,04/29/2024,HANU KOREAN BBQ,Food & Drink,Sale,-58.70,
04/28/2024,04/29/2024,Payment Thank You-Mobile,,Payment,1000.00,
04/26/2024,04/29/2024,PETCO PARK CONCESSIONS,Food & Drink,Sale,-9.69,
04/26/2024,04/29/2024,PETCO PARK CONCESSIONS,Food & Drink,Sale,-19.31,
04/27/2024,04/28/2024,TST* INVIGATORIUM - J&amp;TON,Food & Drink,Sale,-56.31,
04/26/2024,04/28/2024,CITYSD PARKING 28881,Travel,Sale,-2.00,
04/21/2024,04/22/2024,DD DOORDASH WIENERSCH,Food & Drink,Sale,-17.14,
04/21/2024,04/22/2024,SQ *THAI FRESH LLC,Food & Drink,Sale,-30.82,
04/21/2024,04/22/2024,CHEESECAKE 115 ONLINE,Food & Drink,Sale,-122.23,
04/19/2024,04/22/2024,KAIYO SUSHI,Food & Drink,Sale,-25.32,
04/19/2024,04/21/2024,TST* TJ OYSTER BAR 2,Food & Drink,Sale,-25.17,
04/20/2024,04/21/2024,TST* FERNSIDE,Food & Drink,Sale,-68.16,
04/17/2024,04/18/2024,TST* LOLITA'S MEXICAN FOO,Food & Drink,Sale,-29.77,
04/16/2024,04/18/2024,HALFDOOR BREWING CO,Food & Drink,Sale,-53.19,
04/15/2024,04/16/2024,CHIPOTLE 2425,Food & Drink,Sale,-31.76,
04/14/2024,04/15/2024,SQ *COACHELLA VALLEY MUSI,Food & Drink,Sale,-17.31,
04/14/2024,04/15/2024,SQ *COACHELLA VALLEY MUSI,Food & Drink,Sale,-24.92,
04/13/2024,04/14/2024,SQ *COACHELLA VALLEY MUSI,Food & Drink,Sale,-13.05,
04/13/2024,04/14/2024,SQ *COACHELLA VALLEY MUSI,Food & Drink,Sale,-20.58,
04/12/2024,04/14/2024,SQ *COACHELLA VALLEY MUSI,Food & Drink,Sale,-4.35,
04/13/2024,04/14/2024,SQ *COACHELLA VALLEY MUSI,Food & Drink,Sale,-5.35,
04/12/2024,04/14/2024,SQ *COACHELLA VALLEY MUSI,Food & Drink,Sale,-14.14,
04/13/2024,04/14/2024,WHOP.COM/PAY/9MSE4P,Shopping,Sale,-200.00,
04/10/2024,04/11/2024,EL POLLO G* EL POLLO G,Food & Drink,Sale,-30.31,
04/10/2024,04/10/2024,STARBUCKS 800-782-7282,Food & Drink,Sale,-10.00,
04/07/2024,04/10/2024,TENDER GREENS UTC,Food & Drink,Sale,-33.73,
04/07/2024,04/09/2024,IN-N-OUT CHULA VISTA,Food & Drink,Sale,-16.75,
04/08/2024,04/09/2024,TST* RBW,Food & Drink,Sale,-72.88,
04/07/2024,04/08/2024,SQ *LA COLOMBE - LA JOLLA,Food & Drink,Sale,-4.75,
04/05/2024,04/07/2024,PHO DUYEN MAI,Food & Drink,Sale,-39.33,
04/06/2024,04/07/2024,WIENERSCHNITZEL 153,Food & Drink,Sale,-4.84,
04/05/2024,04/07/2024,SQ *THE HOT SPOT STUDIO L,Shopping,Sale,-65.25,
04/03/2024,04/03/2024,Payment Thank You-Mobile,,Payment,2588.00,
04/02/2024,04/03/2024,TURO INC.* TRIP MAR 28,Travel,Return,6.15,
04/02/2024,04/03/2024,TOP GOLF BAY RESERVATION,Entertainment,Sale,-12.07,
04/01/2024,04/03/2024,TOPGOLF SALT LAKE  026-2,Food & Drink,Sale,-38.90,
04/03/2024,04/03/2024,LYFT   *1 RIDE 04-01,Travel,Sale,-20.57,
04/02/2024,04/03/2024,EL POLLO G* EL POLLO G,Food & Drink,Sale,-44.57,
04/02/2024,04/02/2024,LATE FEE,Fees & Adjustments,Fee,-29.00,
03/31/2024,04/02/2024,McDonalds 10781,Food & Drink,Sale,-4.46,
03/31/2024,04/02/2024,Aranya Thai Kitchen,Food & Drink,Sale,-128.53,
04/01/2024,04/02/2024,CHIPOTLE 0953,Food & Drink,Sale,-37.35,
03/31/2024,04/01/2024,SQ *FISHER BREWING COMPAN,Food & Drink,Sale,-6.00,
03/31/2024,04/01/2024,SQ *FISHER BREWING COMPAN,Food & Drink,Sale,-25.00,
04/01/2024,04/01/2024,LYFT   *2 RIDES 03-30,Travel,Sale,-40.10,
03/30/2024,03/31/2024,SQ *DISTRICT COFFEE CO.,Food & Drink,Sale,-5.35,
03/30/2024,03/31/2024,IN-N-OUT MIDVALE,Food & Drink,Sale,-16.89,
03/29/2024,03/31/2024,TST* BEWILDER BREWING COM,Food & Drink,Sale,-14.05,
03/29/2024,03/31/2024,TST* BEWILDER BREWING COM,Food & Drink,Sale,-20.49,
03/29/2024,03/31/2024,DD DOORDASH MOBETTAHS,Food & Drink,Sale,-78.37,
03/30/2024,03/31/2024,Salt Lake City,Travel,Sale,-2.25,
03/30/2024,03/31/2024,SQ *2 ROW BREWING,Shopping,Sale,-43.68,
03/30/2024,03/31/2024,LYFT   *1 RIDE 03-28,Travel,Sale,-20.25,
03/29/2024,03/31/2024,SQ *DISTRICT COFFEE CO.,Food & Drink,Sale,-10.79,
03/30/2024,03/31/2024,TST* ALIBI,Food & Drink,Sale,-36.44,
03/22/2024,03/25/2024,SUSHI OTA,Food & Drink,Sale,-169.11,
03/25/2024,03/25/2024,FLIFF  INC,Entertainment,Sale,-19.99,
03/22/2024,03/25/2024,SUPER SERGIOS #1,Food & Drink,Sale,-31.52,
03/23/2024,03/24/2024,PANDA EXPRESS 1316,Food & Drink,Sale,-12.72,
03/23/2024,03/24/2024,TST* SDCM - THE GRASS SKI,Food & Drink,Sale,-45.00,
03/23/2024,03/24/2024,TST* FERNSIDE,Food & Drink,Sale,-31.00,
03/21/2024,03/22/2024,TURO INC.* TRIP MAR 28,Travel,Sale,-287.69,
03/17/2024,03/18/2024,CHIPOTLE 2086,Food & Drink,Sale,-23.54,
03/15/2024,03/17/2024,IN-N-OUT TEMECULA,Food & Drink,Sale,-17.73,
03/14/2024,03/15/2024,WHOP.COM/PAY/XP7YPD,Shopping,Sale,-100.00,
03/13/2024,03/14/2024,McDonalds 38204,Food & Drink,Sale,-5.74,
03/13/2024,03/14/2024,TST* COMMON THEORY OTAY R,Food & Drink,Sale,-50.28,
03/13/2024,03/14/2024,AIRBNB  HM58QHH9KM,Travel,Sale,-319.52,
03/12/2024,03/13/2024,DD DOORDASH THEKEBABS,Food & Drink,Sale,-27.09,
03/09/2024,03/11/2024,TST* PUESTO - MISSION VAL,Food & Drink,Sale,-113.60,
03/09/2024,03/10/2024,TST* PANAMA 66,Food & Drink,Sale,-21.40,
03/07/2024,03/10/2024,IN-N-OUT  CHULAVISTA,Food & Drink,Sale,-18.22,
03/05/2024,03/05/2024,Payment Thank You-Mobile,,Payment,7050.00,
03/03/2024,03/04/2024,TST* PARK &amp; REC,Food & Drink,Sale,-63.37,
03/03/2024,03/04/2024,EL POLLO G* EL POLLO G,Food & Drink,Sale,-35.85,
03/03/2024,03/04/2024,TST* POLITE PROVISIONS,Food & Drink,Sale,-77.19,
03/02/2024,03/04/2024,TST* BAHN THAI,Food & Drink,Sale,-32.22,
03/02/2024,03/03/2024,SENOR MANGOS,Food & Drink,Sale,-12.68,
03/02/2024,03/03/2024,TST* FERNSIDE,Food & Drink,Sale,-36.00,
03/03/2024,03/03/2024,DD DOORDASH TACOBELL,Food & Drink,Sale,-24.35,
02/29/2024,03/01/2024,TST* COMMON THEORY OTAY R,Food & Drink,Sale,-22.48,
02/28/2024,02/29/2024,PANDA EXPRESS #784 P,Food & Drink,Sale,-10.99,
02/28/2024,02/29/2024,TST* LOLITA'S MEXICAN FOO,Food & Drink,Sale,-28.77,
02/26/2024,02/27/2024,CHIPOTLE 2425,Food & Drink,Sale,-19.14,
02/23/2024,02/26/2024,SUPER SERGIOS #1,Food & Drink,Sale,-35.80,
02/26/2024,02/26/2024,DD DOORDASH THAITASTE,Food & Drink,Sale,-29.21,
02/26/2024,02/26/2024,AIRBNB  HM58QHH9KM,Travel,Sale,-909.22,
02/23/2024,02/25/2024,TST* SALUD BARRIO,Food & Drink,Sale,-166.00,
02/23/2024,02/25/2024,SQ *LONGPLAY STUDIO,Professional Services,Sale,-40.56,
02/24/2024,02/25/2024,PANDA EXPRESS 1316,Food & Drink,Sale,-10.18,
02/23/2024,02/25/2024,TST* MACHETE BEER HOUSE N,Food & Drink,Sale,-21.57,
02/19/2024,02/20/2024,ALAMO RENT-A-CAR,Travel,Sale,-557.98,
02/19/2024,02/20/2024,HFS LIBERTY STATION,Food & Drink,Sale,-24.00,
02/19/2024,02/20/2024,SMF MANGO TACO 6401523,Food & Drink,Sale,-18.31,
02/18/2024,02/19/2024,DD DOORDASH LLHAWAIIA,Food & Drink,Sale,-18.94,
02/16/2024,02/18/2024,MCDONALD'S F5062,Food & Drink,Sale,-6.19,
02/16/2024,02/18/2024,7-ELEVEN 41288,Gas,Sale,-5.00,
02/18/2024,02/18/2024,LYFT   *1 RIDE 02-16,Travel,Sale,-48.99,
02/14/2024,02/16/2024,SUPER SERGIOS #1,Food & Drink,Sale,-19.47,
02/15/2024,02/16/2024,PIACERE MIO,Food & Drink,Sale,-95.00,
02/14/2024,02/16/2024,TST* MACHETE BEER HOUSE N,Food & Drink,Sale,-82.76,
02/12/2024,02/14/2024,VONS #2826,Groceries,Sale,-42.94,
02/12/2024,02/13/2024,HOTEL THEODORE F&amp;B,Food & Drink,Sale,-5.13,
02/11/2024,02/13/2024,HOTEL THEODORE,Travel,Sale,-750.61,
02/11/2024,02/13/2024,HOTEL THEODORE,Travel,Sale,-511.13,
02/12/2024,02/13/2024,DD DOORDASH ELPOLLOGR,Food & Drink,Sale,-43.20,
02/11/2024,02/13/2024,HOTEL THEODORE,Travel,Sale,-750.61,
02/10/2024,02/12/2024,NYC 7TH AVE DELI &amp; MARKET,Food & Drink,Sale,-49.45,
02/11/2024,02/12/2024,TAPROOM AT PIKE PLACE,Food & Drink,Sale,-31.67,
02/11/2024,02/12/2024,ORCA,Travel,Sale,-30.00,
02/11/2024,02/12/2024,7-ELEVEN 35532,Gas,Sale,-2.50,
02/10/2024,02/12/2024,SIREN STORE 22344,Food & Drink,Sale,-42.00,
02/11/2024,02/12/2024,HOTEL THEODORE F&amp;B,Food & Drink,Sale,-117.59,
02/10/2024,02/11/2024,TST* STILL LIQUOR LLC NEW,Food & Drink,Sale,-10.42,
02/09/2024,02/11/2024,NYC 7TH AVE DELI &amp; MARKET,Food & Drink,Sale,-2.49,
02/10/2024,02/11/2024,SQ *PIKE PLACE BAGS,Shopping,Sale,-22.04,
02/11/2024,02/11/2024,TST* BIANG BIANG NOODLES,Food & Drink,Sale,-181.41,
02/09/2024,02/11/2024,TST* CLOUDBURST BREWING,Food & Drink,Sale,-16.33,
02/09/2024,02/11/2024,HOTEL THEODORE F&amp;B,Food & Drink,Sale,-73.34,
02/09/2024,02/11/2024,TST* PIKE PLACE CHOWDER,Food & Drink,Sale,-23.70,
02/08/2024,02/11/2024,SIREN STORE 22344,Food & Drink,Sale,-37.49,
02/09/2024,02/11/2024,SHIRO'S,Food & Drink,Sale,-1350.30,
02/09/2024,02/11/2024,NYC 7TH AVE DELI &amp; MARKET,Food & Drink,Sale,-48.25,
02/08/2024,02/09/2024,ORCA,Travel,Sale,-24.00,
02/06/2024,02/06/2024,Payment Thank You-Mobile,,Payment,4802.10,
02/02/2024,02/05/2024,SUPER SERGIOS #1,Food & Drink,Sale,-28.57,
02/03/2024,02/04/2024,TST* FERNSIDE,Food & Drink,Sale,-75.00,
01/31/2024,02/02/2024,IN-N-OUT CHULA VISTA,Food & Drink,Sale,-16.42,
02/01/2024,02/02/2024,PHO CONVOY NOODLE HOUSE,Food & Drink,Sale,-53.80,
01/29/2024,01/31/2024,TST* EL POLLO GRILL OTAY,Food & Drink,Sale,-34.61,
01/27/2024,01/30/2024,LEE WESLEY PANDA EXPRE,Food & Drink,Sale,-17.03,
01/28/2024,01/30/2024,TST* GRANDMA TOFU AND KOR,Food & Drink,Sale,-99.52,
01/29/2024,01/30/2024,TST* FERNSIDE,Food & Drink,Sale,-358.82,
01/28/2024,01/29/2024,TST* PANAMA 66,Food & Drink,Sale,-21.40,
01/29/2024,01/29/2024,LYFT   *1 RIDE 01-27,Travel,Sale,-15.70,
01/28/2024,01/29/2024,TST* PANAMA 66,Food & Drink,Sale,-21.40,
01/27/2024,01/28/2024,DD DOORDASH THAITHAIR,Food & Drink,Sale,-110.85,
01/27/2024,01/28/2024,CHIPOTLE 2745,Food & Drink,Sale,-10.06,
01/27/2024,01/28/2024,CHIPOTLE 2745,Food & Drink,Sale,-14.11,
01/28/2024,01/28/2024,LYFT   *1 RIDE 01-26,Travel,Sale,-12.05,
01/27/2024,01/28/2024,DUNKIN #358632 Q35,Food & Drink,Sale,-4.99,
01/26/2024,01/28/2024,ALLURE OF THE SEAS,Travel,Sale,-198.64,
01/26/2024,01/28/2024,BEACHSIDE VR LLC,Travel,Sale,-20.00,
01/27/2024,01/28/2024,DOORDASH*WALGREENS,Food & Drink,Sale,-52.36,
01/24/2024,01/25/2024,TIKI BIKINI HUT,Food & Drink,Sale,-377.50,
01/21/2024,01/24/2024,WDW FIGMENT'S,Food & Drink,Sale,-9.75,
01/21/2024,01/24/2024,WDW ROSE &amp;CROWN PUB,Food & Drink,Sale,-44.94,
01/21/2024,01/23/2024,WDW LIGHTNING/GENIE,Entertainment,Sale,-31.96,
01/22/2024,01/23/2024,BUDGET RENT A CAR,Travel,Sale,-556.36,
01/21/2024,01/23/2024,EVENT KIOSK EPCOT JAPAN,Food & Drink,Sale,-32.50,
01/21/2024,01/23/2024,JAPAN PAVILION AT EPCOT,Shopping,Sale,-30.73,
01/21/2024,01/22/2024,LE CREPERIE DE PARI,Food & Drink,Sale,-13.32,
01/21/2024,01/22/2024,CHIPOTLE 3471,Food & Drink,Sale,-19.67,
01/18/2024,01/21/2024,TST* HIGH FLYING FOODS -,Food & Drink,Sale,-16.39,
01/19/2024,01/21/2024,DISNEY AK PARKING,Entertainment,Sale,-30.00,
01/20/2024,01/21/2024,CONFISCOS 00901231,Food & Drink,Sale,-125.55,
01/19/2024,01/21/2024,WDW TRADING COMPANY,Shopping,Sale,-15.75,
01/20/2024,01/21/2024,BURGER DIGS MOBILE 00901,Entertainment,Sale,-20.84,
01/19/2024,01/21/2024,WDW LIGHTNING/GENIE,Entertainment,Sale,-34.08,
01/19/2024,01/21/2024,WDW PONGU PONGU,Food & Drink,Sale,-15.98,
01/19/2024,01/21/2024,WDW FLAME TREE,Food & Drink,Sale,-20.22,
01/18/2024,01/21/2024,TACO BELL 023302,Food & Drink,Sale,-22.09,
01/20/2024,01/21/2024,DD DOORDASH WINGSTOP,Food & Drink,Sale,-63.77,
01/19/2024,01/21/2024,WDW THIRSTY RIVER,Food & Drink,Sale,-12.98,
01/19/2024,01/21/2024,WDW DAWA BAR,Food & Drink,Sale,-34.48,
01/19/2024,01/21/2024,CHICK-FIL-A #1256,Food & Drink,Sale,-19.38,
01/17/2024,01/19/2024,LOLITAS - EASTLAKE AOO,Food & Drink,Sale,-12.51,
01/17/2024,01/17/2024,SP BARE PERFORMANCE,Groceries,Sale,-35.57,
01/13/2024,01/15/2024,GO PORT CANAVERAL,Travel,Sale,-89.97,
01/13/2024,01/14/2024,CITYSD PARKING 28881,Travel,Sale,-2.50,
01/13/2024,01/14/2024,TST* GOAL BREWING,Food & Drink,Sale,-40.01,
01/13/2024,01/14/2024,CITYSD PARKING 28881,Travel,Sale,-1.75,
01/11/2024,01/14/2024,SUPER SERGIOS #2,Food & Drink,Sale,-28.34,
01/11/2024,01/14/2024,CLOWN MARKET,Groceries,Sale,-45.60,
01/12/2024,01/14/2024,PETCO 1149,Shopping,Sale,-29.40,
01/13/2024,01/14/2024,LOLITA'S - SUNBOW,Food & Drink,Sale,-19.00,
01/10/2024,01/11/2024,DD DOORDASH SIMPLYFRE,Food & Drink,Sale,-36.53,
01/09/2024,01/10/2024,DD DOORDASH TACOBELL,Food & Drink,Sale,-18.96,
01/09/2024,01/09/2024,Payment Thank You-Mobile,,Payment,2376.61,
01/05/2024,01/08/2024,HUMBERTOS TACO SHOP #1,Food & Drink,Sale,-24.71,
01/06/2024,01/07/2024,Stone Brewing - Libert,Food & Drink,Sale,-32.01,
01/05/2024,01/07/2024,SOAPY JOE'S CAR WASH - B,Automotive,Sale,-13.00,
01/05/2024,01/07/2024,AIRBNB  HMMKASWYM4,Travel,Sale,-874.95,
01/05/2024,01/07/2024,TST* BOTTLECRAFT LIBERTY,Food & Drink,Sale,-20.80,
01/06/2024,01/07/2024,GLF*COTTONWOODGOLFCLUB,Food & Drink,Sale,-12.82,
01/05/2024,01/07/2024,SQ *LANDINI'S PIZZERIA,Food & Drink,Sale,-5.93,
01/06/2024,01/07/2024,CHIPOTLE 2425,Food & Drink,Sale,-29.04,
01/06/2024,01/07/2024,GLF*COTTONWOODGOLFCLUB,Entertainment,Sale,-180.00,
01/06/2024,01/07/2024,TST* FERNSIDE,Food & Drink,Sale,-44.00,
01/05/2024,01/07/2024,HFS LIBERTY STATION,Food & Drink,Sale,-21.10,
01/04/2024,01/05/2024,DD DOORDASH TACOBELL,Food & Drink,Sale,-17.98,
01/02/2024,01/03/2024,THE LOT - RESTAURANT,Food & Drink,Sale,-23.56,
01/02/2024,01/03/2024,THE LOT - RESTAURANT,Food & Drink,Sale,-24.47,
12/31/2023,01/02/2024,IN-N-OUT CHULA VISTA,Food & Drink,Sale,-18.22,
01/01/2024,01/02/2024,ACE PARKING 1333,Travel,Sale,-3.00,
